{"cameraMode":{"drawMode":0,"name":"Shaded","section":"Shading Mode"},"sceneLighting":true,"audioPlay":false,"sceneViewState":{"showFog":true,"showMaterialUpdate":true,"showSkybox":true,"showFlares":true,"showImageEffects":true,"showParticleSystems":true},"in2DMode":false,"pivot":{"x":9.739999771118164,"y":2.0399999618530275,"z":3.5199999809265138},"rotation":{"x":-0.07771443575620651,"y":0.5282647609710693,"z":-0.04863495007157326,"w":-0.8441157937049866},"size":7.012502193450928,"orthographic":true}