{"cameraMode":{"drawMode":0,"name":"Shaded","section":"Shading Mode"},"sceneLighting":false,"audioPlay":false,"sceneViewState":{"showFog":true,"showMaterialUpdate":true,"showSkybox":true,"showFlares":true,"showImageEffects":true,"showParticleSystems":true},"in2DMode":false,"pivot":{"x":-11.177044868469239,"y":0.0,"z":-6.048820495605469},"rotation":{"x":-0.19851304590702058,"y":-0.4382539689540863,"z":0.09989043325185776,"w":-0.8709465861320496},"size":1.1667261123657227,"orthographic":false}